GISJOIN,YEAR,STATE,STATEA,COUNTY,COUNTYA,PRETRACTA,TRACTA,POSTTRCTA,AREANAME,GNOTES,BK6001,BLG001,BLH001,BLI001,BLI002,BLI003,BLI004,BLI005,BLJ001,BLJ002,BLJ003,BLJ004,BLJ005,BLJ006,BLJ007,BLJ008,BLJ009,BLJ010,BLJ011,BLJ012,BLJ013,BLJ014,BLJ015,BLK001,BLK002,BLK003,BLK004,BLK005,BLK006,BLK007,BLK008,BLK009,BLK010,BLK011,BLK012,BLL001,BLM001,BLM002,BLM003,BLN001,BLN002,BLN003,BLN004,BLN005,BLN006,BLN007,BLN008,BLN009,BLN010,BLN011,BK7001,BK7002,BK7003,BK7004,BK7005,BK7006,BK7007,BK7008,BK7009,BK7010,BK7011,BK8001,BLA001,BLB001,BLB002,BLB003,BLC001,BLD001,BLE001,BLE002,BLE003,BLE004,BLE005,BLE006
"G3900350BD0001","1930","Ohio","39","Cuyahoga","035","BD","0001",,"Tract  BD0001     in Cleveland OH Area",,611,609,493,341,152,116,2,0,36,1,6,6,22,1,4,0,3,1,1,0,27,5,3,31,146,151,124,77,45,21,9,2,2,2,1,611,349,260,2,0,7,10,18,62,118,85,36,8,4,1,2,6,7,49,142,54,0,0,0,0,0,611,536,486,43,7,1,4,0,0,0,1,0,0
"G3900350BD0002","1930","Ohio","39","Cuyahoga","035","BD","0002",,"Tract  BD0002     in Cleveland OH Area",,520,520,359,229,130,161,0,0,34,0,13,16,33,0,7,2,1,5,3,0,35,9,3,27,108,131,106,54,32,30,13,9,8,1,1,520,339,180,1,2,5,5,21,78,127,52,38,6,4,1,0,10,12,44,77,34,0,1,0,0,2,520,493,478,11,4,0,0,0,0,0,0,0,0
"G3900350BD0003","1930","Ohio","39","Cuyahoga","035","BD","0003",,"Tract  BD0003     in Cleveland OH Area",,525,523,284,186,98,239,2,0,21,3,6,24,27,14,56,14,15,5,6,1,35,8,4,12,91,99,95,92,63,36,17,10,6,1,3,525,300,215,10,2,0,4,18,103,112,37,14,2,5,3,3,10,43,75,68,13,1,0,1,0,1,525,495,467,26,2,1,18,0,0,1,0,0,0
"G3900350BE0001","1930","Ohio","39","Cuyahoga","035","BE","0001",,"Tract  BE0001     in Cleveland OH Area",,12,12,10,4,6,2,0,0,0,0,0,0,1,0,0,0,0,0,0,0,0,1,0,0,3,3,4,0,0,0,0,0,2,0,0,12,10,2,0,0,0,0,0,0,0,3,5,2,0,0,0,0,0,1,0,1,0,0,0,0,0,12,12,12,0,0,0,0,0,0,0,0,0,0
"G3900350BE0002","1930","Ohio","39","Cuyahoga","035","BE","0002",,"Tract  BE0002     in Cleveland OH Area",,804,788,567,277,290,221,16,0,9,2,63,91,9,9,3,2,2,0,4,1,13,4,9,63,184,158,157,101,71,28,20,8,8,2,4,804,566,234,4,3,9,8,40,147,192,66,44,14,23,20,6,13,22,57,87,37,4,1,0,0,7,804,785,769,15,1,1,7,0,0,1,0,0,0
"G3900350BE0003","1930","Ohio","39","Cuyahoga","035","BE","0003",,"Tract  BE0003     in Cleveland OH Area",,628,611,482,317,165,129,17,0,22,0,42,27,10,5,5,2,2,0,0,0,0,11,3,48,167,128,131,68,43,20,10,5,2,3,3,628,383,238,7,1,2,6,20,55,104,84,73,21,9,8,3,13,9,42,118,45,4,0,1,0,3,628,591,560,28,3,3,116,0,0,1,2,0,0
"G3900350CC0001","1930","Ohio","39","Cuyahoga","035","CC","0001",,"Tract  CC0001     in Cleveland OH Area",,649,649,555,326,229,94,0,0,23,1,25,1,7,3,2,1,0,0,2,0,3,13,13,29,158,188,146,82,31,7,5,0,0,1,2,649,485,162,2,0,0,1,12,45,80,85,100,55,92,15,0,5,6,30,43,53,17,7,1,0,0,649,646,643,3,0,0,0,0,0,0,0,0,0
"G3900350CC0002","1930","Ohio","39","Cuyahoga","035","CC","0002",,"Tract  CC0002     in Cleveland OH Area",,620,620,486,248,238,134,0,0,20,1,42,4,5,9,9,2,0,0,5,3,4,9,21,33,134,140,139,74,46,31,13,8,0,2,0,620,453,163,4,1,10,6,18,53,70,35,59,14,14,173,1,10,13,44,54,27,2,4,0,0,8,620,617,614,3,0,1,29,0,0,0,1,0,0
"G3900350CC0003","1930","Ohio","39","Cuyahoga","035","CC","0003",,"Tract  CC0003     in Cleveland OH Area","Includes tracts CC0003 CC0004",712,712,558,337,221,154,0,0,27,5,44,0,14,7,11,5,2,0,4,0,6,16,13,30,186,175,138,93,36,33,8,9,1,0,3,712,508,202,2,2,11,7,23,50,90,55,83,44,31,112,2,4,13,48,79,24,0,2,2,1,27,712,700,689,10,1,0,0,0,0,0,0,0,0
"G3900350CC0005","1930","Ohio","39","Cuyahoga","035","CC","0005",,"Tract  CC0005     in Cleveland OH Area",,193,193,150,79,71,43,0,0,5,0,16,6,2,4,1,1,1,0,2,0,0,0,5,19,42,34,28,31,22,8,3,5,0,0,1,193,143,41,9,2,1,1,3,6,4,1,3,0,0,122,2,0,1,12,7,1,0,0,0,0,18,193,192,191,1,0,0,0,0,0,0,0,0,0
"G3900350CC0006","1930","Ohio","39","Cuyahoga","035","CC","0006",,"Tract  CC0006     in Cleveland OH Area",,174,174,146,92,54,28,0,0,10,1,5,4,0,2,0,1,0,0,0,0,0,2,3,18,32,34,38,24,13,8,4,2,0,0,1,174,118,55,1,0,0,2,3,17,26,30,22,4,8,6,0,5,5,18,18,9,0,0,0,0,0,174,171,168,3,0,0,0,0,0,0,0,0,0
"G3900350CC0007","1930","Ohio","39","Cuyahoga","035","CC","0007",,"Tract  CC0007     in Cleveland OH Area",,88,88,52,25,27,36,0,0,1,0,2,20,1,3,2,0,0,0,0,0,1,2,4,12,20,16,8,13,8,4,2,3,1,1,0,88,63,25,0,2,5,3,8,14,8,2,1,0,0,20,3,2,5,7,6,1,0,0,0,0,1,88,86,84,2,0,0,0,0,0,0,0,0,0
"G3900350CC0008","1930","Ohio","39","Cuyahoga","035","CC","0008",,"Tract  CC0008     in Cleveland OH Area",,928,928,716,418,298,212,0,0,29,2,43,5,23,13,17,9,3,0,13,3,3,18,31,28,189,226,194,137,78,36,22,8,4,5,1,928,702,223,3,2,5,13,37,119,218,127,88,45,39,9,0,6,7,35,104,56,7,2,0,0,6,928,923,918,5,0,0,0,0,0,0,0,0,0
"G3900350CC0009","1930","Ohio","39","Cuyahoga","035","CC","0009",,"Tract  CC0009     in Cleveland OH Area",,45,45,32,15,17,13,0,0,2,0,3,1,0,0,1,0,0,0,0,1,0,0,5,5,9,9,12,6,0,2,1,0,1,0,0,45,36,9,0,0,1,1,3,2,6,3,7,1,0,12,0,2,1,1,0,2,0,0,0,0,3,45,45,45,0,0,0,0,0,0,0,0,0,0
"G3900350CC0010","1930","Ohio","39","Cuyahoga","035","CC","0010",,"Tract  CC0010     in Cleveland OH Area",,13,13,9,3,6,4,0,0,1,0,0,0,1,0,1,0,0,0,0,0,0,0,1,0,3,5,3,1,0,1,0,0,0,0,0,13,8,5,0,0,0,0,0,0,1,0,0,0,0,7,0,2,0,1,1,0,0,0,0,0,1,13,13,13,0,0,0,0,0,0,0,0,0,0
"G3900350CC0011","1930","Ohio","39","Cuyahoga","035","CC","0011",,"Tract  CC0011     in Cleveland OH Area",,190,189,129,49,80,60,1,0,9,4,15,4,4,4,3,0,0,1,1,0,0,4,11,13,34,32,37,26,21,10,8,3,4,2,0,190,123,67,0,0,0,0,0,16,21,6,2,0,2,76,0,4,6,12,18,4,0,0,0,0,23,190,186,182,4,0,0,0,0,0,0,0,0,0
"G3900350CC0012","1930","Ohio","39","Cuyahoga","035","CC","0012",,"Tract  CC0012     in Cleveland OH Area",,223,222,171,59,112,51,1,0,2,0,15,9,6,2,2,0,1,0,4,0,2,1,7,9,58,50,37,28,16,10,6,5,2,1,1,223,167,56,0,12,4,8,22,34,22,12,12,5,1,35,3,8,8,15,14,1,2,0,0,0,5,223,223,223,0,0,0,0,0,0,0,0,0,0
"G3900350CC0013","1930","Ohio","39","Cuyahoga","035","CC","0013",,"Tract  CC0013     in Cleveland OH Area","Includes tracts CC0013 CC0014",358,358,288,181,107,70,0,0,14,1,16,4,11,5,5,1,4,0,1,0,2,2,4,25,93,79,67,41,23,18,6,2,0,3,1,358,257,91,10,2,5,6,18,30,43,18,27,5,3,100,4,2,5,22,33,6,0,0,0,0,19,358,349,340,9,0,0,0,0,0,0,0,0,0
"G3900350CC0015","1930","Ohio","39","Cuyahoga","035","CC","0015",,"Tract  CC0015     in Cleveland OH Area",,84,72,19,15,4,53,12,0,0,1,1,6,1,1,0,3,18,1,0,1,8,1,11,6,22,8,12,14,8,5,4,3,1,1,0,84,38,46,0,0,0,0,2,17,14,1,2,0,2,0,0,0,4,32,10,0,0,0,0,0,0,84,65,51,10,4,0,0,0,0,0,0,0,0
"G3900350CC0016","1930","Ohio","39","Cuyahoga","035","CC","0016",,"Tract  CC0016     in Cleveland OH Area",,184,183,112,60,52,71,1,0,4,0,25,11,7,3,2,0,2,0,2,0,0,0,15,5,45,31,33,29,14,16,4,5,1,1,0,184,102,82,0,0,2,4,6,19,33,6,12,6,5,9,0,0,2,40,30,1,0,0,0,0,9,184,180,176,4,0,0,0,0,0,0,0,0,0
"G3900350CC0017","1930","Ohio","39","Cuyahoga","035","CC","0017",,"Tract  CC0017     in Cleveland OH Area",,257,257,206,102,104,51,0,0,4,0,14,2,8,2,7,3,2,0,2,1,1,0,5,13,62,63,61,24,20,6,5,1,1,1,0,257,201,51,5,2,0,0,8,21,62,34,38,14,14,8,0,1,2,10,19,12,5,0,0,0,2,257,255,253,2,0,1,8,0,0,1,0,0,0
"G3900350CC0018","1930","Ohio","39","Cuyahoga","035","CC","0018",,"Tract  CC0018     in Cleveland OH Area","Includes tracts CC0018 CC0019",371,370,253,130,123,117,1,0,4,1,16,20,46,2,1,5,0,0,9,0,2,1,10,38,82,73,72,40,32,19,9,2,2,1,1,371,269,98,4,0,2,3,12,40,56,8,28,16,14,90,1,9,12,28,11,1,0,0,0,0,36,371,360,349,11,0,0,0,0,0,0,0,0,0
"G3900350CC0020","1930","Ohio","39","Cuyahoga","035","CC","0020",,"Tract  CC0020     in Cleveland OH Area",,484,484,275,68,207,209,0,0,6,1,16,73,88,5,3,1,8,1,1,0,2,0,4,12,91,111,101,79,45,25,12,3,4,1,0,484,307,176,1,0,0,1,2,61,171,47,15,6,2,2,0,8,11,47,85,22,2,0,0,0,1,484,397,320,69,8,0,0,0,0,0,0,0,0
"G3900350CC0021","1930","Ohio","39","Cuyahoga","035","CC","0021",,"Tract  CC0021     in Cleveland OH Area",,542,542,288,82,206,254,0,0,13,0,28,133,45,15,0,4,5,1,0,0,1,2,7,11,112,139,124,70,39,25,10,3,4,3,2,542,252,289,1,0,0,0,4,36,115,55,32,7,1,2,1,3,10,96,163,13,2,1,0,0,0,542,362,206,141,15,0,0,0,0,0,0,0,0
"G3900350CC0022","1930","Ohio","39","Cuyahoga","035","CC","0022",,"Tract  CC0022     in Cleveland OH Area",,151,150,86,31,55,64,1,0,2,0,8,25,2,0,1,0,0,1,0,0,19,2,4,7,24,34,29,15,12,11,9,3,4,2,1,151,55,95,1,0,3,4,4,12,15,4,5,2,0,6,0,16,15,33,26,3,0,0,0,0,2,151,130,114,12,4,1,11,0,0,0,0,0,1
"G3900350CC0023","1930","Ohio","39","Cuyahoga","035","CC","0023",,"Tract  CC0023     in Cleveland OH Area",,106,105,84,43,41,21,1,0,1,0,10,4,2,0,2,0,0,0,0,1,0,0,1,4,21,24,28,10,12,2,4,1,0,0,0,106,67,39,0,2,1,1,3,6,10,4,0,2,3,35,0,3,3,12,2,1,1,0,0,0,17,106,93,82,9,2,0,0,0,0,0,0,0,0
"G3900350CC0024","1930","Ohio","39","Cuyahoga","035","CC","0024",,"Tract  CC0024     in Cleveland OH Area",,100,100,60,22,38,40,0,0,1,0,9,5,14,1,3,1,0,0,2,0,2,1,1,4,24,22,15,20,6,6,3,0,0,0,0,100,76,23,1,0,13,6,4,10,22,8,2,0,0,11,0,0,3,9,6,3,0,0,0,0,2,100,99,98,1,0,0,0,0,0,0,0,0,0
"G3900350CC0025","1930","Ohio","39","Cuyahoga","035","CC","0025",,"Tract  CC0025     in Cleveland OH Area",,376,376,270,107,163,106,0,0,8,1,25,16,25,1,1,3,0,0,2,1,15,4,4,24,73,83,76,59,27,12,9,10,3,0,0,376,252,121,3,0,3,6,8,48,66,33,34,9,15,30,5,11,18,41,36,7,0,0,0,0,3,376,372,369,2,1,1,7,0,0,0,0,0,1
"G3900350CC0026","1930","Ohio","39","Cuyahoga","035","CC","0026",,"Tract  CC0026     in Cleveland OH Area",,166,166,101,43,58,65,0,0,1,0,7,7,33,5,6,0,0,0,0,1,2,0,3,5,39,33,30,25,17,5,6,1,5,0,0,166,116,47,3,0,0,0,5,6,19,11,8,1,5,61,0,2,1,12,7,0,0,0,0,0,25,166,163,160,3,0,0,0,0,0,0,0,0,0
"G3900350CC0027","1930","Ohio","39","Cuyahoga","035","CC","0027",,"Tract  CC0027     in Cleveland OH Area",,341,341,260,159,101,81,0,0,8,0,15,16,19,1,2,3,0,1,1,0,2,5,8,30,84,83,48,45,24,9,7,6,2,2,1,341,218,122,1,1,1,2,10,19,36,18,30,14,20,67,9,4,17,28,27,8,2,2,0,0,25,341,330,320,9,1,1,31,0,0,0,1,0,0
"G3900350CC0028","1930","Ohio","39","Cuyahoga","035","CC","0028",,"Tract  CC0028     in Cleveland OH Area",,308,305,210,137,73,95,3,0,46,6,14,2,2,0,4,3,0,1,0,0,3,8,6,17,74,75,83,35,15,5,3,1,0,0,0,308,172,133,3,0,0,0,1,4,12,13,34,10,98,0,0,0,0,8,65,49,3,1,3,4,0,308,270,248,14,8,2,30,0,0,0,1,0,1
"G3900350CC0029","1930","Ohio","39","Cuyahoga","035","CC","0029",,"Tract  CC0029     in Cleveland OH Area",,157,155,117,63,54,38,2,0,2,2,5,14,4,0,1,0,1,0,2,0,7,0,0,13,36,40,26,16,7,12,3,3,0,0,1,157,106,49,2,4,5,3,14,20,16,2,4,2,1,35,1,7,8,12,10,2,0,0,0,0,9,157,147,140,5,2,0,0,0,0,0,0,0,0
"G3900350CC0030","1930","Ohio","39","Cuyahoga","035","CC","0030",,"Tract  CC0030     in Cleveland OH Area",,106,106,80,40,40,26,0,0,1,0,7,0,6,1,0,2,0,2,0,0,2,4,1,6,27,16,21,20,7,5,2,0,0,2,0,106,69,36,1,0,1,1,2,10,10,6,8,7,11,13,0,3,0,13,12,1,0,0,0,0,7,106,105,104,1,0,0,0,0,0,0,0,0,0
"G3900350CC0031","1930","Ohio","39","Cuyahoga","035","CC","0031",,"Tract  CC0031     in Cleveland OH Area",,469,469,335,194,141,134,0,0,51,2,22,2,3,2,4,1,2,2,4,0,8,13,18,6,97,100,113,75,44,21,8,3,2,0,0,469,337,131,1,1,2,5,7,39,92,94,55,9,20,13,1,0,2,16,56,41,3,1,1,2,8,469,467,465,2,0,1,5,0,0,0,0,0,1
"G3900350CC0032","1930","Ohio","39","Cuyahoga","035","CC","0032",,"Tract  CC0032     in Cleveland OH Area",,614,612,402,230,172,210,2,0,36,2,32,1,5,2,7,2,4,0,2,0,74,12,31,13,133,149,151,87,35,28,12,4,1,1,0,614,396,204,14,1,3,0,20,41,122,115,57,6,14,17,0,3,8,26,63,69,5,2,0,0,28,614,565,519,43,3,0,0,0,0,0,0,0,0
"G3900350CC0033","1930","Ohio","39","Cuyahoga","035","CC","0033",,"Tract  CC0033     in Cleveland OH Area",,483,481,340,196,144,141,0,2,31,0,18,1,2,2,0,1,2,0,2,1,49,11,21,11,116,138,89,63,29,15,8,8,4,1,1,483,308,174,1,0,0,0,1,18,34,113,92,24,24,2,0,1,3,17,42,96,8,3,0,1,3,483,429,390,33,6,3,183,0,0,1,2,0,0
"G3900350CC0034","1930","Ohio","39","Cuyahoga","035","CC","0034",,"Tract  CC0034     in Cleveland OH Area",,490,489,369,189,180,120,1,0,22,2,19,0,22,8,1,1,7,1,3,1,14,9,10,6,98,144,119,67,27,21,2,2,3,1,0,490,421,69,0,1,1,0,1,5,23,33,270,57,26,4,0,0,0,3,9,26,26,4,0,0,1,490,482,474,8,0,1,346,0,0,0,1,0,0
"G3900350CC0035","1930","Ohio","39","Cuyahoga","035","CC","0035",,"Tract  CC0035     in Cleveland OH Area",,60,59,50,21,29,9,1,0,2,0,3,0,2,0,0,0,0,0,2,0,0,0,0,1,13,12,18,7,7,1,1,0,0,0,0,60,30,30,0,1,1,0,1,2,6,2,11,3,2,1,0,1,0,6,17,4,1,1,0,0,0,60,57,54,3,0,1,14,0,0,0,0,0,1
"G3900350CC0037","1930","Ohio","39","Cuyahoga","035","CC","0037",,"Tract  CC0037     in Cleveland OH Area",,208,203,116,56,60,87,5,0,12,0,5,1,7,18,5,21,0,0,1,0,14,2,1,9,49,44,34,27,14,16,1,4,5,2,3,208,144,51,13,0,4,5,16,35,40,11,16,2,5,10,0,4,5,22,17,1,1,0,0,0,1,208,197,186,11,0,0,0,0,0,0,0,0,0
"G3900350CC0038","1930","Ohio","39","Cuyahoga","035","CC","0038",,"Tract  CC0038     in Cleveland OH Area",,23,23,18,14,4,5,0,0,2,0,2,0,0,0,0,0,0,0,0,0,0,1,0,2,7,8,0,3,2,0,0,0,1,0,0,23,5,17,1,0,0,0,0,1,1,0,1,1,1,0,0,4,3,7,1,0,0,0,0,0,2,23,19,16,2,1,1,28,0,0,0,0,0,1
"G3900350CC0039","1930","Ohio","39","Cuyahoga","035","CC","0039",,"Tract  CC0039     in Cleveland OH Area",,0,0,0,0,0,0,0,0,0,0,0,0,0,0,0,0,0,0,0,0,0,0,0,0,0,0,0,0,0,0,0,0,0,0,0,0,0,0,0,0,0,0,0,0,0,0,0,0,0,0,0,0,0,0,0,0,0,0,0,0,0,0,0,0,0,0,1,1889,0,0,0,1,0,0
"G3900350CC0040","1930","Ohio","39","Cuyahoga","035","CC","0040",,"Tract  CC0040     in Cleveland OH Area",,158,125,61,31,30,64,33,0,10,4,10,4,7,7,6,9,2,0,3,0,1,1,0,19,30,31,13,23,16,11,4,6,2,1,2,158,110,47,1,4,9,10,10,19,26,3,2,1,1,25,4,5,10,13,5,1,0,0,0,0,9,158,158,158,0,0,1,15,0,1,0,0,0,0
"G3900350CC0041","1930","Ohio","39","Cuyahoga","035","CC","0041",,"Tract  CC0041     in Cleveland OH Area",,101,87,37,23,14,50,14,0,1,1,2,7,17,4,7,2,3,0,3,0,3,0,0,10,19,18,13,7,11,9,5,6,1,1,1,101,67,34,0,1,5,2,7,19,11,2,2,0,1,17,2,4,3,10,5,0,0,0,0,0,10,101,101,101,0,0,0,0,0,0,0,0,0,0
"G3900350CC0042","1930","Ohio","39","Cuyahoga","035","CC","0042",,"Tract  CC0042     in Cleveland OH Area",,65,65,43,19,24,22,0,0,1,0,2,0,5,1,2,2,0,0,4,0,2,1,2,3,16,11,11,9,7,5,2,0,1,0,0,65,44,21,0,0,2,0,0,2,5,2,7,3,7,16,0,0,0,9,7,2,0,0,0,0,3,65,65,65,0,0,0,0,0,0,0,0,0,0
"G3900350CC0043","1930","Ohio","39","Cuyahoga","035","CC","0043",,"Tract  CC0043     in Cleveland OH Area",,81,81,61,45,16,20,0,0,5,0,5,0,0,0,0,0,0,0,2,0,3,1,4,2,22,15,14,10,11,3,3,1,0,0,0,81,55,23,3,0,0,0,0,7,12,13,8,1,6,8,0,0,2,10,8,1,0,0,0,0,2,81,79,77,2,0,0,0,0,0,0,0,0,0
"G3900350CC0044","1930","Ohio","39","Cuyahoga","035","CC","0044",,"Tract  CC0044     in Cleveland OH Area",,651,648,463,300,163,185,3,0,60,1,19,2,11,2,8,3,2,2,9,0,21,20,25,24,141,123,163,90,56,32,11,7,2,1,1,651,450,194,7,0,7,10,44,123,169,50,18,12,12,5,0,7,17,56,96,14,1,1,0,1,1,651,642,633,9,0,0,0,0,0,0,0,0,0
"G3900350CC0045","1930","Ohio","39","Cuyahoga","035","CC","0045",,"Tract  CC0045     in Cleveland OH Area",,144,142,94,69,25,48,2,0,16,7,5,0,0,4,1,1,0,0,0,0,2,3,9,7,38,35,30,16,10,5,1,2,0,0,0,144,74,64,6,0,0,0,0,4,11,5,12,4,30,8,1,0,2,13,24,7,1,2,0,0,14,144,139,135,3,1,0,0,0,0,0,0,0,0
"G3900350CC0046","1930","Ohio","39","Cuyahoga","035","CC","0046",,"Tract  CC0046     in Cleveland OH Area",,47,47,31,16,15,16,0,0,3,0,1,0,2,0,5,0,0,0,3,0,2,0,0,4,9,15,9,3,4,2,0,1,0,0,0,47,14,33,0,0,0,0,0,1,1,2,3,0,7,0,0,1,2,12,12,4,0,0,0,1,1,47,45,43,2,0,2,30,0,2,0,0,0,0
"G3900350CC0047","1930","Ohio","39","Cuyahoga","035","CC","0047",,"Tract  CC0047     in Cleveland OH Area",,87,86,42,33,9,44,1,0,27,1,3,1,1,0,5,0,0,0,2,0,1,0,3,14,17,18,17,12,5,2,1,1,0,0,0,87,8,74,5,0,0,0,0,1,0,0,0,0,5,2,0,0,3,14,40,10,0,0,0,0,7,87,85,83,2,0,2,37,0,2,0,0,0,0
"G3900350CC0048","1930","Ohio","39","Cuyahoga","035","CC","0048",,"Tract  CC0048     in Cleveland OH Area",,163,155,89,38,51,66,8,0,8,0,10,1,15,0,17,0,2,0,3,0,0,3,7,10,38,30,33,24,9,9,5,3,0,1,1,163,103,58,2,1,0,2,7,11,34,6,16,8,9,9,1,3,5,20,18,3,0,1,0,0,7,163,163,163,0,0,3,146,0,2,0,1,0,0
"G3900350CC0049","1930","Ohio","39","Cuyahoga","035","CC","0049",,"Tract  CC0049     in Cleveland OH Area",,57,57,26,11,15,31,0,0,3,0,1,1,19,0,4,0,0,0,1,0,0,2,0,6,8,10,9,8,6,2,4,3,1,0,0,57,37,20,0,1,0,0,1,1,2,4,7,6,4,11,0,1,1,12,3,1,0,0,0,0,2,57,57,57,0,0,0,0,0,0,0,0,0,0
"G3900350CC0050","1930","Ohio","39","Cuyahoga","035","CC","0050",,"Tract  CC0050     in Cleveland OH Area",,270,269,191,111,80,78,1,0,6,6,10,3,15,5,8,0,2,1,5,0,5,4,8,36,67,56,36,39,21,6,2,3,4,0,0,270,161,104,5,4,5,5,18,16,27,10,16,6,8,46,8,6,4,12,18,7,1,0,1,0,47,270,266,263,2,1,0,0,0,0,0,0,0,0
"G3900350CC0051","1930","Ohio","39","Cuyahoga","035","CC","0051",,"Tract  CC0051     in Cleveland OH Area",,54,54,44,27,17,10,0,0,1,0,3,0,2,1,1,0,1,0,0,0,0,0,1,0,12,15,16,4,5,1,0,1,0,0,0,54,12,42,0,0,0,0,1,1,3,0,0,0,0,7,24,10,2,0,0,0,0,0,0,0,6,54,53,52,1,0,0,0,0,0,0,0,0,0
"G3900350CC0052","1930","Ohio","39","Cuyahoga","035","CC","0052",,"Tract  CC0052     in Cleveland OH Area",,35,32,26,15,11,6,3,0,2,0,0,1,0,0,0,1,0,0,0,0,0,1,1,1,12,10,5,5,2,0,0,0,0,0,0,35,21,14,0,0,0,0,0,0,1,1,3,4,8,4,0,2,2,4,1,2,0,0,0,0,3,35,33,31,2,0,0,0,0,0,0,0,0,0
"G3900350CC0053","1930","Ohio","39","Cuyahoga","035","CC","0053",,"Tract  CC0053     in Cleveland OH Area",,22,22,17,10,7,5,0,0,1,0,0,0,1,1,0,0,0,0,1,0,0,0,1,1,6,5,6,2,0,1,1,0,0,0,0,22,14,8,0,0,0,0,0,0,0,1,0,2,8,3,0,0,0,4,1,0,0,0,0,0,3,22,22,22,0,0,0,0,0,0,0,0,0,0
"G3900350CC0054","1930","Ohio","39","Cuyahoga","035","CC","0054",,"Tract  CC0054     in Cleveland OH Area",,7,7,5,4,1,2,0,0,2,0,0,0,0,0,0,0,0,0,0,0,0,0,0,0,3,1,1,1,0,1,0,0,0,0,0,7,3,3,1,0,0,0,0,0,0,0,0,0,0,3,0,0,0,2,0,0,0,0,0,0,1,7,7,7,0,0,0,0,0,0,0,0,0,0
"G3900350CC0055","1930","Ohio","39","Cuyahoga","035","CC","0055",,"Tract  CC0055     in Cleveland OH Area","Includes tracts CC0055 CC0056",777,776,661,483,178,115,1,0,58,1,4,4,14,5,4,0,0,0,1,0,0,7,17,75,213,172,156,73,45,24,11,4,2,2,0,777,498,276,3,0,0,1,18,81,182,81,72,34,23,6,2,6,13,65,170,15,0,1,0,0,4,777,752,728,23,1,0,0,0,0,0,0,0,0
"G3900350EU0001","1930","Ohio","39","Cuyahoga","035","EU","0001",,"Tract  EU0001     in Cleveland OH Area",,697,695,491,345,146,204,2,0,33,9,24,4,3,21,3,12,6,2,1,0,65,11,10,8,137,155,181,99,44,28,20,9,10,5,1,697,504,182,11,2,1,1,5,47,114,121,144,42,27,0,0,0,1,10,94,58,17,0,0,0,2,697,692,687,5,0,0,0,0,0,0,0,0,0
"G3900350EU0002","1930","Ohio","39","Cuyahoga","035","EU","0002",,"Tract  EU0002     in Cleveland OH Area",,306,306,250,145,105,56,0,0,20,1,9,3,3,0,0,6,0,0,0,0,1,10,3,13,80,74,76,35,16,6,5,0,0,1,0,306,202,100,4,2,1,3,8,33,58,40,39,3,12,3,0,0,1,18,37,37,3,1,0,1,2,306,301,296,5,0,0,0,0,0,0,0,0,0
"G3900350EU0003","1930","Ohio","39","Cuyahoga","035","EU","0003",,"Tract  EU0003     in Cleveland OH Area",,300,298,236,129,107,62,2,0,13,0,12,1,3,1,2,7,0,0,2,0,0,11,10,4,85,65,68,43,20,8,4,3,0,0,0,300,228,72,0,0,1,2,11,29,51,52,50,13,16,3,1,2,4,8,30,16,6,3,2,0,0,300,299,298,1,0,0,0,0,0,0,0,0,0
"G3900350EU0004","1930","Ohio","39","Cuyahoga","035","EU","0004",,"Tract  EU0004     in Cleveland OH Area",,582,579,318,171,147,261,3,0,34,5,25,11,9,4,7,92,2,9,9,2,14,8,30,8,124,115,151,102,43,20,12,5,2,0,0,582,441,141,0,0,0,1,12,86,207,114,12,6,3,0,0,0,0,15,92,33,1,0,0,0,0,582,557,537,18,2,0,0,0,0,0,0,0,0
"G3900350EU0005","1930","Ohio","39","Cuyahoga","035","EU","0005",,"Tract  EU0005     in Cleveland OH Area",,609,607,162,76,86,445,2,0,11,2,16,6,20,2,3,317,1,6,7,1,40,1,12,21,64,109,139,96,96,35,33,10,4,1,1,609,395,212,2,0,5,5,21,83,191,72,13,4,1,0,2,2,10,54,131,12,0,1,0,0,0,609,609,609,0,0,0,0,0,0,0,0,0,0
"G3900350EU0006","1930","Ohio","39","Cuyahoga","035","EU","0006",,"Tract  EU0006     in Cleveland OH Area",,276,274,198,116,82,76,2,0,14,2,18,4,1,0,0,6,0,7,0,0,6,9,9,10,65,71,57,44,17,6,3,3,0,0,0,276,166,109,1,0,1,0,6,16,48,31,28,9,26,1,0,2,1,12,60,29,3,0,0,0,2,276,263,253,8,2,3,77,0,0,1,2,0,0
"G3900350EU0007","1930","Ohio","39","Cuyahoga","035","EU","0007",,"Tract  EU0007     in Cleveland OH Area",,344,344,269,168,101,75,0,0,20,2,12,0,2,2,1,10,0,0,5,1,4,6,10,10,74,91,95,37,22,8,6,1,0,0,0,344,207,136,1,0,0,0,0,2,36,78,66,14,9,2,0,1,2,9,65,44,8,1,0,0,6,344,323,304,18,1,1,32,0,0,0,1,0,0
"G3900350GH0001","1930","Ohio","39","Cuyahoga","035","GH","0001",,"Tract  GH0001     in Cleveland OH Area",,596,596,364,164,200,232,0,0,45,1,28,42,29,6,11,4,6,6,2,0,34,4,14,6,118,138,123,115,49,24,9,6,5,3,0,596,358,230,8,0,0,0,3,39,199,72,29,7,4,5,1,2,2,4,181,36,0,0,0,0,4,596,506,427,73,6,0,0,0,0,0,0,0,0
"G3900350GH0002","1930","Ohio","39","Cuyahoga","035","GH","0002",,"Tract  GH0002     in Cleveland OH Area",,458,458,249,82,167,209,0,0,22,0,33,72,30,11,2,13,2,2,0,0,13,7,2,3,83,118,110,78,30,13,10,7,4,2,0,458,269,168,21,0,1,1,1,21,106,90,40,7,2,0,1,1,5,9,114,38,0,0,0,0,0,458,386,316,68,2,0,0,0,0,0,0,0,0
"G3900350GH0003","1930","Ohio","39","Cuyahoga","035","GH","0003",,"Tract  GH0003     in Cleveland OH Area",,391,391,288,110,178,103,0,0,33,5,14,10,22,5,0,1,1,0,1,1,3,3,4,7,67,93,101,61,37,12,10,2,0,0,1,391,283,107,1,0,0,1,0,1,15,176,71,11,8,0,0,1,0,3,62,35,3,1,0,0,2,391,351,317,31,3,0,0,0,0,0,0,0,0
"G3900350GH0004","1930","Ohio","39","Cuyahoga","035","GH","0004",,"Tract  GH0004     in Cleveland OH Area",,553,552,303,121,182,249,1,0,33,5,24,37,31,29,2,0,15,0,1,0,48,7,17,7,94,124,121,90,54,30,17,6,5,5,0,553,333,216,4,0,0,0,1,17,168,105,35,4,1,2,0,0,0,23,168,21,1,2,0,0,1,553,505,459,44,2,0,0,0,0,0,0,0,0
"G3900350GH0005","1930","Ohio","39","Cuyahoga","035","GH","0005",,"Tract  GH0005     in Cleveland OH Area",,490,487,294,138,156,193,3,0,20,2,21,52,36,1,13,18,0,7,1,0,10,4,8,7,73,134,101,70,37,29,23,9,4,3,0,490,378,111,1,0,9,15,12,42,123,107,54,11,5,0,1,0,2,18,68,21,1,0,0,0,0,490,459,430,27,2,0,0,0,0,0,0,0,0
"G3900350GH0006","1930","Ohio","39","Cuyahoga","035","GH","0006",,"Tract  GH0006     in Cleveland OH Area",,594,594,368,156,212,226,0,0,15,2,25,61,43,4,8,12,1,5,5,0,31,3,11,9,95,122,135,109,58,27,16,17,2,3,1,594,401,191,2,0,2,0,2,19,144,161,45,18,10,0,0,2,1,22,130,36,0,0,0,0,0,594,554,515,38,1,1,86,0,0,1,0,0,0
"G3900350GH0007","1930","Ohio","39","Cuyahoga","035","GH","0007",,"Tract  GH0007     in Cleveland OH Area",,635,626,424,154,270,202,9,0,33,1,29,11,66,7,11,5,2,1,3,1,11,8,13,5,111,166,149,101,60,20,10,6,3,3,1,635,524,110,1,5,0,4,4,54,176,240,36,2,3,0,1,2,3,15,47,41,1,0,0,0,0,635,629,624,4,1,0,0,0,0,0,0,0,0
"G3900350MH0001","1930","Ohio","39","Cuyahoga","035","MH","0001",,"Tract  MH0001     in Cleveland OH Area",,914,912,587,279,308,325,1,1,34,4,25,7,130,6,19,60,1,2,7,0,12,6,12,16,155,208,220,146,75,47,26,15,3,2,1,914,711,202,1,3,2,4,13,39,299,235,80,15,18,3,0,1,7,32,117,44,0,0,0,0,1,914,893,873,19,1,2,10,0,0,1,0,0,1
"G3900350MH0002","1930","Ohio","39","Cuyahoga","035","MH","0002",,"Tract  MH0002     in Cleveland OH Area",,495,471,263,119,144,208,24,0,22,1,29,13,74,1,4,15,4,1,10,2,14,6,12,18,89,96,114,70,42,34,16,5,4,4,3,495,360,135,0,5,2,4,36,119,119,41,15,11,7,1,2,12,4,31,76,7,2,0,0,0,1,495,478,461,17,0,0,0,0,0,0,0,0,0
"G3900350PR0001","1930","Ohio","39","Cuyahoga","035","PR","0001",,"Tract  PR0001     in Cleveland OH Area",,811,811,570,276,294,241,0,0,28,1,59,18,39,16,16,8,7,1,6,2,10,8,22,16,164,202,182,132,49,36,15,9,2,4,0,811,578,206,27,2,0,2,10,56,242,157,51,26,16,16,2,10,5,27,106,34,4,0,0,0,18,811,771,731,40,0,0,0,0,0,0,0,0,0
"G3900350PR0002","1930","Ohio","39","Cuyahoga","035","PR","0002",,"Tract  PR0002     in Cleveland OH Area",,673,673,388,193,195,285,0,0,10,5,43,63,57,14,28,11,11,3,14,1,4,5,16,12,122,144,150,109,62,42,17,8,6,0,1,673,519,148,6,1,1,2,12,70,262,128,31,1,3,8,1,2,8,21,97,17,1,0,0,0,1,673,640,610,28,2,0,0,0,0,0,0,0,0
"G3900350PR0003","1930","Ohio","39","Cuyahoga","035","PR","0003",,"Tract  PR0003     in Cleveland OH Area",,545,545,319,141,178,226,0,0,7,4,27,33,38,14,30,17,11,2,17,0,8,5,13,16,97,114,117,86,53,28,14,8,6,3,3,545,428,116,1,3,4,4,14,90,179,69,58,4,3,0,2,4,5,16,72,17,0,0,0,0,0,545,523,505,15,3,2,459,0,0,0,2,0,0
"G3900350PR0004","1930","Ohio","39","Cuyahoga","035","PR","0004",,"Tract  PR0004     in Cleveland OH Area",,836,836,575,264,311,261,0,0,19,2,61,19,54,14,25,13,5,0,14,0,15,7,13,9,170,203,184,142,67,30,11,11,8,1,0,836,680,144,12,0,4,6,17,40,219,262,99,13,3,17,0,1,4,7,89,41,0,0,0,0,2,836,834,832,2,0,1,5,0,0,1,0,0,0
"G3900350PR0005","1930","Ohio","39","Cuyahoga","035","PR","0005",,"Tract  PR0005     in Cleveland OH Area",,239,239,114,52,62,125,0,0,8,1,14,20,23,4,18,7,4,5,1,1,2,1,16,9,45,45,52,36,21,14,10,5,1,1,0,239,173,64,2,1,9,11,9,47,48,12,7,5,7,17,3,1,3,18,29,5,0,0,0,0,5,239,231,224,6,1,0,0,0,0,0,0,0,0
"G3900350PR0006","1930","Ohio","39","Cuyahoga","035","PR","0006",,"Tract  PR0006     in Cleveland OH Area",,178,178,115,56,59,63,0,0,2,2,26,9,4,0,10,1,0,0,3,0,1,1,4,10,38,44,29,24,13,8,6,1,2,3,0,178,112,63,3,2,1,2,7,18,31,12,9,9,16,5,0,14,4,23,15,5,0,0,0,0,2,178,171,165,5,1,0,0,0,0,0,0,0,0
"G3900350RR0001","1930","Ohio","39","Cuyahoga","035","RR","0001",,"Tract  RR0001     in Cleveland OH Area",,736,736,616,398,218,120,0,0,34,2,31,0,5,2,5,0,0,0,0,1,8,18,14,21,175,209,181,94,27,17,4,5,2,0,1,736,540,196,0,0,0,0,2,14,29,24,163,134,170,4,0,1,3,35,100,22,19,16,0,0,0,736,694,673,15,6,1,166,1,0,0,0,0,0
"G3900350RR0002","1930","Ohio","39","Cuyahoga","035","RR","0002",,"Tract  RR0002     in Cleveland OH Area",,710,710,512,323,189,198,0,0,49,0,32,0,6,1,4,3,0,0,2,1,6,29,65,21,147,181,176,98,49,24,8,1,2,1,2,710,459,251,0,1,0,2,14,24,94,95,141,24,22,42,1,4,7,31,92,90,13,1,1,0,11,710,679,655,20,4,2,40,0,0,0,1,0,1
"G3900350U0008","1930","Ohio","39","Cuyahoga","035","U","0008",,"Tract  U0008      in Cleveland OH","Tract is not found in NHGIS boundary files",0,0,0,0,0,0,0,0,0,0,0,0,0,0,0,0,0,0,0,0,0,0,0,0,0,0,0,0,0,0,0,0,0,0,0,0,0,0,0,0,0,0,0,0,0,0,0,0,0,0,0,0,0,0,0,0,0,0,0,0,0,0,0,0,0,0,0,0,0,0,0,0,0,0
"G3900350U0009","1930","Ohio","39","Cuyahoga","035","U","0009",,"Tract  U0009      in Cleveland OH","Tract is not found in NHGIS boundary files",160,160,95,46,49,65,0,0,13,2,7,8,11,1,8,4,0,1,3,0,2,1,4,9,37,28,25,30,10,9,3,4,4,0,1,160,128,32,0,3,6,7,11,35,38,22,5,0,0,1,3,6,3,6,13,1,0,0,0,0,0,160,158,156,2,0,0,0,0,0,0,0,0,0
"G3900350V0001","1930","Ohio","39","Cuyahoga","035","V","0001",,"Tract  V0001      in Cleveland OH","Tract is not found in NHGIS boundary files",11,11,8,4,4,3,0,0,0,0,0,0,0,0,2,0,0,1,0,0,0,0,0,1,1,4,4,0,0,0,0,0,1,0,0,11,6,4,1,0,0,0,0,1,5,0,0,0,0,0,0,1,0,1,1,0,0,0,0,0,1,11,10,9,1,0,0,0,0,0,0,0,0,0
"G3900350V0002","1930","Ohio","39","Cuyahoga","035","V","0002",,"Tract  V0002      in Cleveland OH","Tract is not found in NHGIS boundary files",211,73,41,24,17,32,138,0,8,0,1,1,11,4,4,1,0,0,0,0,1,1,0,6,58,39,37,24,19,13,5,4,5,0,1,211,178,31,2,26,23,23,31,48,19,5,1,0,0,2,1,5,10,9,5,0,1,0,0,0,0,211,209,207,2,0,0,0,0,0,0,0,0,0
"G3900350V0003","1930","Ohio","39","Cuyahoga","035","V","0003",,"Tract  V0003      in Cleveland OH","Tract is not found in NHGIS boundary files",118,113,68,41,27,45,5,0,5,0,5,0,10,11,7,0,0,0,0,0,1,2,4,8,23,20,26,18,10,10,0,2,1,0,0,118,104,12,2,1,3,4,12,36,36,6,4,1,1,0,0,2,4,3,3,0,0,0,0,0,0,118,117,116,1,0,0,0,0,0,0,0,0,0
"G3900930LC0001","1930","Ohio","39","Lorain","093","LC","0001",,"Tract  LC0001     in Cleveland OH Area","Tract is not found in NHGIS boundary files",182,180,137,88,49,43,1,1,21,2,4,1,1,0,1,1,0,0,1,0,1,6,4,10,45,49,30,22,15,7,1,3,0,0,0,182,143,38,1,0,0,3,6,41,39,14,19,10,9,2,2,2,2,14,10,7,1,0,0,0,0,182,180,178,2,0,0,0,0,0,0,0,0,0
"G3900930LC0002","1930","Ohio","39","Lorain","093","LC","0002",,"Tract  LC0002     in Cleveland OH Area","Tract is not found in NHGIS boundary files",555,542,317,212,105,225,13,0,16,2,24,7,7,1,4,3,2,7,2,0,132,9,9,29,93,115,94,86,62,30,22,12,5,5,2,555,355,198,2,0,8,15,46,80,90,50,34,9,13,10,2,9,21,85,72,6,1,0,0,0,2,555,500,460,30,10,1,22,0,0,1,0,0,0
"G3900930LC0003","1930","Ohio","39","Lorain","093","LC","0003",,"Tract  LC0003     in Cleveland OH Area","Tract is not found in NHGIS boundary files",21,21,17,4,13,4,0,0,2,0,0,0,0,0,0,0,1,0,0,0,0,0,1,2,6,5,3,1,3,1,0,0,0,0,0,21,17,3,1,0,1,0,0,0,1,0,8,1,5,1,0,0,0,1,0,0,2,0,0,0,0,21,21,21,0,0,0,0,0,0,0,0,0,0
"G3900930LC0004","1930","Ohio","39","Lorain","093","LC","0004",,"Tract  LC0004     in Cleveland OH Area","Tract is not found in NHGIS boundary files",981,978,771,498,273,207,3,0,35,4,43,8,7,15,15,11,2,2,3,0,10,25,27,79,271,219,182,98,77,30,12,8,1,3,1,981,676,298,7,3,27,30,88,179,158,27,47,12,41,64,3,24,46,84,81,12,5,0,0,0,43,981,978,976,1,1,0,0,0,0,0,0,0,0
"G3900930LC0005","1930","Ohio","39","Lorain","093","LC","0005",,"Tract  LC0005     in Cleveland OH Area","Tract is not found in NHGIS boundary files",1006,990,805,605,200,185,14,2,40,9,25,3,2,5,7,9,1,0,1,0,50,13,20,78,239,201,188,123,76,46,25,13,6,6,5,1006,567,417,22,0,4,4,18,88,185,106,79,40,38,5,9,18,13,94,209,55,7,2,2,0,8,1006,912,847,50,15,3,222,1,0,1,1,0,0
"G3900930LC0006","1930","Ohio","39","Lorain","093","LC","0006",,"Tract  LC0006     in Cleveland OH Area","Tract is not found in NHGIS boundary files",57,57,42,33,9,15,0,0,10,0,1,0,0,0,2,0,0,0,1,0,0,0,1,6,9,17,13,6,5,1,0,0,0,0,0,57,16,39,2,0,0,0,0,0,1,0,0,0,4,11,0,0,0,1,2,1,0,0,1,0,34,57,56,55,1,0,0,0,0,0,0,0,0,0
